id;company_name;company_email;company_details
1;uplift irritably french;"bMwJ@yS9=<^2,";prevail sneaky once
2;meh;"+fEXym@`)2F(K~gIT";um
3;separate legislate;"$E%.s@lQ&kQDQxY";eek quickly
4;regarding concrete gutter;"f@S^'q3|7s3DX";empathize ha collagen
5;hydrofoil;"?Ye@YQ5Kn\$";phew contract ply
6;oof frightfully unsightly;"=kY@JmMQu=";yum
7;whereas blast fussy;"Xo=H@=(Xn=,";keenly misinterpret pfft
8;minus wholly;"Z,7X\g@SRFph>\XOU";whenever why
9;a till analytics;"W@wWTd%/1";quaintly
10;intently spacing;"B9:\/.@Nj(p/.";pro openly alongside
